mean_radius,mean_texture,mean_perimeter,mean_area,mean_smoothness
27.99,15.38,122.8,901,0.1184
30.57,14.77,132.9,1526,0.24474
12.69,24.25,160,1203,0.1196
17.42,25.38,87.58,386.1,0.1425
21.29,13.34,125.1,1297,0.1003
12.45,17.7,92.57,477.1,0.1278
18.25,39.98,139.6,1640,0.12463
13.71,50.83,90.2,567.9,0.1189
13,31.82,87.5,419.8,0.1273
